fighterId,espnId
0052de90691d4a93,3114625
008dc37cca279def,2504669
008ea710276c9606,4684238
009c4420727149ea,4374436
00e11b5c8b7bfeeb,2519811
013da757877044a2,2497088
01784fbc27c68b14,3154908
01afe0916a40c7c5,4020699
01b352b6a9074d5c,3952937
01d2ed8c502e3828,2558612
01daf32100ed7517,2486935
01f022fa494188e2,2504645
01fcef7e3d051722,2977004
01fed6f61ebea01f,4062287
0232cabbc30a2372,3998248
02500fb9fd79a974,2354359
029880cdbf5ca089,2335678
029afd138865d20a,3120449
029e1293e609fd74,3895515
029eaff01e6bb8f0,2506549
02f2a9702ba3d167,3016689
030f08370fd1c2bb,2354537
032cc3922d871c7f,2611557
0359313549d230a1,2335480
03c9994c5b8958ec,2552663
03f982ca3735070c,3023815
040a74bb0a465c54,3902098
045f25b3a4c08e81,2976993
04643fd03d9159cc,2335683
04835018f90b118c,4699589
049d698d773eb3e1,2335761
04b39f4e8eb59d7c,3918015
04c15b52c3cc1cab,2335815
04c8b08b16a5b99e,4232775
04d5718ed2661e8c,2410613
04f9fe830cf13482,2501538
05339613bf8e9808,3090451
054defd5420a551f,2335756
05560764359161e4,2553304
056c493bbd76a918,3023388
05866d8c3a321856,2335749
058e4e08a1ad8aba,2335805
0597a4528ebd1307,2354224
05fa626cb33d15b8,3153106
0641c21bec209472,3960472
06f0ffa6446c5b6d,2500527
06f36cf4bd97ec77,2335754
07225ba28ae309b6,2504169
0749d968e932df53,2504957
077e3ace32b72be9,4396359
07f72a2a7591b409,2335639
0845c81e37d3bcb3,3110836
0876d21328cf4a45,3082806
08af939f41b5a57b,3085551
093e1f5bb73850be,4290956
0941df56f6ac954b,2354130
09c44b317c98bf96,2499293
09e62c450e754913,2989380
09f579be4520394a,3155410
0a1942069c9ad6b6,3074102
0a73acff6325c1e2,4781218
0a95c474e61a6c44,4364223
0a97691039c4bbfb,2501722
0aa92558424ced9e,2335338
0b31f87be71ebbb1,2500597
0b362247806341e5,4249185
0b5b6876c2a4723f,2335719
0b64d0fed453ef7f,2504173
0bcfe2513cb3bc39,2617232
0c258d1d8e16e5f1,4426319
0c25d0a5e8cdbf19,4710386
0c6d9ea8306c029e,2504643
0c9c0a43d3f3f49d,2964412
0ccab7c889ede9ea,3157944
0d0351c20169a499,3082809
0d506315895efffc,2531643
0d65c432720accb9,4012999
0d7b51c9d2649a6e,3166126
0d8011111be000b2,3093653
0d980975001ae3d8,3955238
0dba4df5f34d5ff0,2504667
0de720c0f1d4ab9c,3890629
0e041d43a47d2e4b,2354346
0e21976afc92e4d1,2511447
0e31bfd26cc8c503,2354259
0e5c4e72237461bb,4687105
0ee783aa00e468f0,2354057
0fd5f4b838e890cc,3903378
0ff11cc094e887bc,2335654
102a8fdf8cbf7467,4875509
10559c53de0b950e,2516118
108afe61a26bcbf4,2951523
1091d4d957141094,3026263
10f3ba6cd2f44a97,2335888
113df4fde64735c6,3070984
1208ffc5be6e31ad,2354341
1209b5134401ca53,2556805
122ac9b816d8b71c,4287764
1235b31de15d0c6e,4399703
12458872d6afae1b,2335523
12585614e0ed2626,4700964
1291edf2d566a71a,4227122
129537073431e52e,3060123
12e0fdc606f7e274,3074813
12f91bfa8f1f723b,3028064
132505067f08c54d,2966920
132deb59abae64b1,2554705
132f860d02953f4c,2335777
1338e2c7480bdf9e,4285679
135d124172a0bea3,4215563
13a0275fa13c4d26,3154860
13b2f59210dda9cc,2951263
140745cbbcb023ac,2335514
1411c630ba711b64,2354252
147e70aa6cc48cfc,4815999
1497e735d9f2560a,4875506
150ff4cc642270b9,2614933
1536a25e16fc299b,3995914
155bfc7ed36622df,2488461
1562b12763cc8d67,2502141
15b1b21cd743d652,2504626
15df64c02b6b0fde,2556806
15ec018d144710db,2501989
15edcf67ccf5be84,2502591
16a64f93f6678b7b,3112785
16af2d5a6f28bee2,2499933
173acb3f920082b8,2611954
1788eee370f077b7,2556638
179f1948dc234f1f,2335647
182f2b78582de3d8,2957076
184b955181bdef52,2488532
18aecaf50f52e4c3,2501334
192520689012c7e4,4403535
193b9d1858bc4df3,3109135
196ed28337adc630,2507860
1975c2272ba40e71,2557322
1999ffb5cebc314f,3123194
19a8cce18a1cef9e,2557569
19b7738321cfae42,4141265
19c591115a58982c,4877915
19ffeb5e3fffd6d5,2499919
1a08b01fdabb6ae2,3112000
1a1a4d7a29041d77,2431281
1a225f04aa6e0739,2335705
1a31ef98efce7a79,3020090
1a49e0670dfaca31,2951337
1a54231796e24a3f,4570597
1ae8f3c723aacff4,3571515
1c061eb6e29eaa0a,2558109
1c2f2571b18791b6,2488864
1c3f5e85b59ec710,2499775
1ccf4e7caff270df,2335497
1cecc8fe6748a532,2611952
1cf7ccf64a5bf24e,4084364
1d00756835ca67c9,2479918
1d239d571e342453,2552777
1d36f1ac66cf689d,2555491
1d4bbaabd8b60173,2503059
1dab0d1d81dd06db,2499917
1de9ad94de18eeaf,4065618
1e1dbd1cc5a7469e,2611102
1e327b281ef6a745,2560800
1e35aa8955794580,2560738
1e4f273069fb9e85,4083018
1e7483dbff40b84b,3096580
1ea8df62b3f8fea6,2354342
1ebe20ebbfa15e29,4350762
1effd880e1f1bb30,4686270
1f454354805b6f75,2335447
1f77fce698e80488,2504647
1fcfc3709fe58151,2502609
1fd4fbdcc67de844,2335474
1ffc38f67785797b,2558112
203c957eac95dd87,2500684
207773daeb4afa7b,4354425
20999e27ddd94bda,2992191
20bd6c3e03c46ee6,2558136
20ec0061400178ca,2499539
210935fd21670f6d,2504641
21321cdfba797c52,2354055
2153a7f8396a46cc,3083005
21b1132949f2a9b0,2492783
21b8a0f5c231096f,2335515
2244d9a2b64b8c3b,3115958
225def29ecfe0fc1,4422343
2284092f8b63273b,3096573
22a92d7f62195791,2560085
22d1e00e1aabb7c9,2354536
22edaf53ad59a967,2504245
23024fdfc966410a,3090197
236a37d96d476164,2497723
23a16ebe733e3041,2335802
24174a3f44ce8e03,4229232
242d36d241b43c12,4032401
24656ef4d605c96f,4079149
24b033b3daf1c9df,2335634
2526be54e6a0e62a,4713086
253076a23d03dcd0,3020408
253de74457bd6374,2354103
25433871e4eee0f4,2354194
2549d63da9c456cb,2354540
2558ae2e5671e318,4612580
260bd4cef10b033f,4873642
260e9e0d4954aea6,4426250
2620f3eb21c79614,2558110
262a7d06203657e6,4018757
263ebd4a669e1e98,2501618
2650e2f846a30f64,2335779
265589bdd93e7ce5,2431312
26b63bc5c0c1f65d,3034798
26e3f3928b1891d9,4289255
26eddcda9d6b2ffe,2354137
270b89c00ef0c55c,2354239
2747c60e42d9d75f,3957136
275aca31f61ba28c,3332412
279566840aa55bf2,2993650
27d65e9d0fba61ea,2609505
2804ce8dadab5770,4030644
2816ced060a21be3,3041905
282fa667ff9c51ed,2335690
285ae0b4a68221f4,4275043
288aaa8f82040e02,2500678
28ba5f27e473420c,2527802
28c55b4087a6f136,2965188
28f3c2258a1d8874,2335810
2937cb502dda0808,2965159
294aa73dbf37d281,3895544
2961be02cfb0d2c1,2500149
297a2b35444c245b,4668069
29af297d9f1de0f8,3099187
29f935654825331b,2488455
2a4200ead401a9ce,4204437
2a542ee8a8b83559,2354048
2adb11835acd815b,2509287
2b06b6ad5db63348,2354360
2b074403b7c6cdb4,3071362
2b4faacc16d66898,2488370
2b6fc1c02736833d,4569549
2b93ebd9f5417ad2,2335602
2be6596a9db33bf5,2335771
2c010b26a3306969,4687126
2c1170b825f58e57,2996677
2c483cf443f38ece,4683395
2c99576fefe53c7c,2504550
2c9d00968f818270,3165010
2cd428e9606856fd,4410084
2db7fa8db6bc9632,2335692
2dc1bc1a02961656,4066141
2e19380f34871c6a,4233039
2e585c701f72fe55,4202873
2e5c2aa8e4ab9d82,4080826
2ee09ec2a0695eb9,2354532
2eeaefbfc7f9fcff,3157441
2f13e4020cea5b38,2354364
2f1700b3a4a09bc7,2354278
2f181c0467965b98,4025699
2f1a257d6777096d,4391266
2f3f12002564bb55,2335765
2f5cbecbbe18bac4,2558062
2f6a993c7f547c13,3960665
2fc7e9701642ca38,3944372
2fee10d5cf86bfca,3170348
303a05a7aa3ff761,3016425
305d73ede05e31ad,4570669
31123249b0bbf52e,2335666
312f47c3d2f83ffa,2951204
31652c9267606d54,2558139
318572f6f74b760d,3099958
318e629d1eb7aa49,2504974
31ceaf0e670c1578,2488880
31d7446b184e3305,3887344
31ee470ef5dc8d7f,2335660
31ef8b67e13495b3,3032972
31f8081c7600da93,4408436
322a56923b396b4d,2502589
3236bf606fe9fa5b,2504648
32490e80ddab1e5a,4284870
325ad0dd9126d3df,3250441
326a001926ffb7ec,4873639
326f94d6cfb1bf25,4573211
327d5f279895110d,4411508
329e403448756217,3950354
32ba186f4b0e3267,2500138
32c355b04fc57f3a,4056004
333b9e5c723ac873,4079314
3351aa64aa83c4d9,4565671
33e33d51f289d2a1,2473329
33efaf2d0941cfcf,4010740
3410cf010558dc8b,2431344
34218661c44ed55d,4406521
349aaa3da11eb587,2335701
34c2b3656f88f7ef,3098802
34e516ab361afb1c,3121961
34f88592c0ab7a54,3096578
34ff304266360297,4608674
351c4ec637380ad5,4292349
353de740bb6c7e75,2502277
35b3772629e27a49,2517087
35dc6220b113b7ec,2354522
35e1f9984ed64206,4416348
361d49960a196976,2514828
36207c58e854cae5,3106171
3623bd267a2eef2e,3017276
36541f1e6c5d4955,4379362
369ea36e450ae62a,4894791
37098a6e6c27fb66,4349153
3738e68d2261e60f,2354269
3795fca327cbcf23,2335645
37b1696e6d115957,2335686
37cc294027f55e4d,3938715
37d5b176d438d2a5,4236954
37d752ec41ed84bb,4348793
37ed1ab2f8b819f4,4575873
37f560436d745c18,3897242
388abbf8832b5adf,2431254
38c626ca912c7bac,3077807
38c7f72747f4f712,4089026
39330403ad27c2bb,3074969
394f55ebca199124,2335786
3956bdc8ab2e54b3,4355238
396fe87b84ac2e1c,4576101
3974fa35c917af1d,2504178
399afbabc02376b5,4010976
39d91e95949de3d9,3923488
3a24769a4855040a,2504555
3a314d9fa7c6825d,3090893
3a46b268013afede,3943695
3a8176e15b9887c1,2553993
3ae10ac4df3df05c,2504616
3b9f723e2720a238,2504955
3ba3b5cc94498437,2519775
3bad7ef643840f67,2335676
3c48019bc387b80c,2500148
3c660c90d48fc80d,2492785
3c6976f8182d9527,2500771
3cf66c62d9069f43,4040197
3d074044a33825e7,4297311
3d5b1ce6097dbb49,3892370
3d6749c4267da18f,3106617
3df5493bb279226f,4233196
3e708ce33b6b18e6,4252258
3ec1e4ba98c9c85a,2514776
3f52ce18fb98008f,2615078
3fed746acfd026dd,2558003
40093d1d2d78394e,3153125
40ff198adda94b9f,3091102
4100c7a09497ad41,4289517
411d012af19ecb59,2614777
4123fd4dcc1fe937,2497962
4126a78111c0855a,4835137
4130a743d9d22163,2335486
4144798612ef96e5,4354318
4148802ae4a50768,4863327
41498c2d1a87b154,4688449
41e77dc504a192c6,2558124
41e83a89929d1327,4873640
42078a86d3dd037b,2354319
4234f0097c83fa62,3676024
427b5953ac8e3a27,2335778
43563a32c3f10e95,2335519
43612456979e5d5e,2556804
436f970c9ea9169c,3032218
441eacbe20e0e80b,3900464
44260175069b6276,2335885
442c9011034ae1fd,4738092
443f60bec7c3c3d5,3264073
44470bfd9483c7ad,2500402
447f9858ae78f921,3132513
4498b382c65a7faa,2504943
449c890bd90f3374,2972878
44aa652b181bcf68,2488869
44bc27bfa76dcd9e,2975070
453ee00c3e1ae9dd,2501661
459e4dc69ec669b2,3722431
45bc8f98d62bd096,2501376
45e738622ea2c02c,3112007
45f0cc9d18f35137,3961293
45f7cb591c3ab00b,4295192
4604ab1de9058474,2558097
4679a38cced7c64a,2951493
4682bc59d5f55145,4566991
4690d47bf725fd98,4239077
46d0a888d87d91ac,3094635
46e0d677f91bacc0,4010864
472f6f6e6d962f40,2989130
473ce3aa581251a2,2354205
476414d2f18cd059,2410614
476fe566d2df676e,4279621
47b63240018d5d86,3032973
47b9e0e7703a4868,2500857
480b702debcb5433,2335788
4834ff149dc9542a,2501541
483a953b18d73bb3,4400662
48e96d9cea6d4ab0,2611955
4908c5ee68a50ee5,2335606
494b0bfdbac74502,3089918
4959f10a62f3fec3,4683396
497ba5b12a4bfc47,2335532
49858bf46dabf6fb,2596595
49a74b9fb2e45fdf,2989848
49b130de1da2e1bf,3115959
49e96ff8ab781589,4071969
49ee5024966efc0d,4683892
49efbdc6c9f650c4,2502140
49f78022126bf4a4,3952890
4a1329cc8eb0928a,2504574
4a28cb716c19157a,2615077
4a57ebb14315b251,3031587
4aa58269d0664b5b,4688408
4b1d46a1b5c0fd11,3091100
4b4753d19489297f,2500118
4b47e71384a9522f,2500946
4b4fc3ddc307bc73,2431321
4b93a88f3b1de35b,2504988
4ba8d454f762005d,2512055
4bcb6eb12b4ad4aa,2557028
4bd6b4800070b069,2514827
4bf6b225ff6099c4,3041157
4c288a2b250bb576,3089911
4c2d90e335e6df19,2563797
4c7781da8c6cae93,2560999
4c805f5f58a75df0,2558135
4c88a1db5a46c6a4,4078246
4c8d6fde2dde07c4,2354217
4cd8b03aee1d0138,3983481
4d5197f331c47290,3034823
4d74641fac830182,2501947
4d8fa64202cee4c1,4339490
4dc496aa0cfc0d95,2558145
4dcfb28c011c11b2,4426282
4e0692ad070976e4,2525099
4e30e4250cb08b61,4292347
4e9fb05d7e5e61b8,2502148
4f11e9ce318ffbcb,3039004
4f140403000158b5,3089633
4f2fcbefb668689d,2335776
4f74c8be51db8a37,2479915
4f95f74620a6b7a4,2335627
501b07aec9b8fc2d,2354128
50a28b9f8314e008,4571945
50db8711c70196cd,2500735
51018a31ddf31eb2,4200455
511e82663651438d,2488476
513c6f1715e547a8,2335298
519e4fe37ce9ff75,2951202
51b0bb73a1da34bc,2335724
51b1e2fd9872005b,2488573
523af801b3429015,4350869
523f6ad11dbe9b53,3007887
523fa774700d7d3f,2504639
528b071cf3da7c56,4372194
528c24b99fbaab79,2500422
52c2ae6d2f2d2613,4351319
52cae54377b433b7,2335773
5330fe7e4c3af81c,2335484
539ed332b3078821,3041848
53c943c873cffe90,2959588
53ec9cb470e1a4ea,2990848
5431dccc09118234,2506560
5442f1bc4b47eaf3,2984770
5444c5a201d3ee5a,4425355
54578e5927adea53,2504931
546015aa2ad945fd,2335831
547afe1017e72dbe,3913473
54f64b5e283b0ce7,4350812
55f80a8aeffcdb33,2499693
55fa6ce3e522c8bb,4321051
56116a79e4deed06,2504613
5669b828e7e11329,2335814
56fcb2c4d99f9d1b,3734391
57186c150c645200,5070502
5731cc327790b731,2354307
577ec7e108b94be3,2951318
57887765f831e228,3110326
578ef12674df1e6a,3136286
579fcdfcabd23a7b,2335748
57bad6a84230f0c9,3096279
583ee11abddfc581,3821549
58bbef3770bb2dfc,4411888
58bc81376286b3d3,2335775
59279a7c978f7da0,2960680
59583ff832fe9d68,2335651
595db60957de51d3,4418962
597db668b01c442c,2558114
5987b2458f4b5290,3922491
59aaf2730b84698a,2556277
5b2d7906aa894274,2335774
5b407acfe0ef9b76,2500679
5b5307450405abf0,2500630
5b5b9c6f6f270369,2354271
5b86d491d63890c5,4193694
5b8ba8f5512893b1,3122837
5bb0a618ad03ac64,2431360
5bf31a46becc1204,4294918
5c1ca0c72b599a3c,2503656
5c2ce761399dc9c5,3127609
5ca158b1cc9cb242,2500154
5d1b7e3dd9e11074,4236504
5da33b8fbfa5ee95,4255766
5df17b3620145578,2354088
5e6294b37bbef029,4065597
5e84a859c6a82288,3089904
5ea918ea81b7dee2,3120896
5eb50529a8418b77,4306125
5ec591b78349ba7e,4875511
5eedbf1e9601be35,2354106
5ef0088c1b19beeb,2504179
5f04e3d58d9ce982,2335706
5f179af5fffeb9f6,3910104
5f3805dda9661cba,3913466
5f3da9a9610d8969,3991050
5f61780fe5e9b6d0,4697476
5f87a5c00b3d17ed,2335797
5fa2974cbd18e05c,4063869
60029bcf496bd707,2504926
601964f9654f911a,4084453
60425d07ef4b91a7,4237015
6085ceb59087514b,2487588
60a42bf82447c919,4705600
60ba33c3f555a7a3,2354170
60c72f7459827881,2504047
61fb8098ccf81c7f,4371002
621a6c59f88a44fe,2335661
622f015c81a9b13a,2335768
62918a2118de08b2,2516128
6291ac0a3726732f,2499538
62f7097c04311193,4217612
633a45d131192ffe,2501539
634e2fb70bde3fd5,3028404
6370c1c1e12723d5,3998068
638cfec7ec559d6e,2951482
63eedfcc73071d41,2558099
64360e618823a8e4,2335693
64959f90b6dd9759,2570368
64a50dad704d1d49,2526299
64facb6cc564262d,4423214
654ae722109a0d31,3011927
6551c64fbcd1a467,4227318
65578a75fa7900e3,2553996
658c3465581ae46b,2335658
65f09bacd3957381,4294504
669970f7feba8ecd,4350796
669a3cb6e394f515,2558117
66ab58d0b3783607,3904497
672ef06fd9f41f7d,2558123
673ea7dcc786b1b3,3081041
6751eacd16bd59bc,4616087
6776260cb0aef647,2431358
67a992d4cff22466,3895652
67c1d46f4ed16f9e,2994349
67f272324a030d00,2504818
6803d4d6908354ac,2354017
6809c31286b08d97,2557945
681399317dbf4701,4685870
684d3aee255a3d09,4896529
6859f67468ba8489,2335518
6888e31ce88f5b17,2354195
68c6cd5287b473a7,2335829
68d35296f566792b,4801267
68d4a891e5cf2029,4243624
68dd7b3783c19f9c,2335656
696002b59f09d73b,2587852
69888118d968ba52,4425728
69b69c0178c4004d,2335730
6a11e325aa60ad02,4237606
6a1901c62ab3870f,3024395
6a2f7c151031653d,2335687
6a740daf1b279661,4246307
6a92caba39b64752,2431250
6aae253467e8f9ce,4600143
6ac9bc2953c47345,2553261
6ad9058b7c7898b0,2354053
6b453bc35a823c3f,4828707
6b7bc7eaf2465387,2410621
6b7c7460855dbbb9,3088682
6bb1d2b714d4b3bc,2487847
6bd02119599741a4,3045734
6ceff86fae4f6b3b,2335635
6d1bffff14897645,3043484
6d35bf94f7d30241,4684848
6d4b63c767106d3a,3045887
6d68c1afe954f121,4424224
6d7886b094b471ac,2556810
6e00cfffd54653c4,2976026
6e15f63b6c2e2c15,4239928
6e7506127408aa9e,4219673
6e92eb1242b46636,3002125
6e9f40c706f91f32,4685988
6eaec40f724852f4,4021651
6ebe96a116e79e52,4372193
6ece1d2ab1bed31d,2558107
6ef58dabef8beb15,2354076
6f242453c91a5af0,2527805
6f7c616b98e18c29,3085303
6f81b6de2557739a,2495165
6fb1ba67bef41b37,2504229
6fd953151d981979,3136289
701e057d63c124d9,2500572
7026eca45f65377b,3894823
70d2329a92864fdb,4265846
70e1f8a821b72c8b,4354420
70fa1c64a2c439ef,4411394
71002dbc1743b9a7,2565792
710d93f1508f7104,2951306
710f0f8c5d5c9d41,4863328
714e1e0681ddb703,2555489
71505842fb6455c3,4685871
725a834930c2b5bf,2335816
725b1abc9a39d873,4869424
7269329bd87eb479,2557851
729d4bd5a6cd0a97,3075001
72db2a14ffa73ece,3068125
72e5e5a6edfa8223,4410716
72ea1984c52019b5,4875505
72ffecf712673af1,3988727
7339d340aa2889cb,2497959
738acab0c6934dd8,2951459
73c7cfa551289285,2335629
73e09f837f3b5ecc,2381659
73ef22f25d0f70e2,2501950
7447e9f28508106a,4021217
744e098e065cfdbe,2504247
7450525c7ba032a0,2335302
749f572d1d3161fb,4028627
74fefd43f073cd2f,2556012
751de04455cfaac0,3164030
7559395ad833c074,4567897
75afb06215a07341,3997030
75bbd2206a15319f,2431251
75e0d3cc2262b732,2499014
75f871836d41f90f,2335739
760a55d5b6098cbe,4013049
764342d39cdaa54a,3115841
7649c4c95b824488,2431268
76729a829623e266,2558166
767755fd74662dbf,4684751
7691a80e6ca3e55b,2501671
76e2870ffafbe38f,4029275
76ee3d666c648f6b,3020777
773f7feacf96153e,4249184
775bad6d700d2302,2501942
776a58a67665a171,3154673
776d4262c4da38bf,4914568
7772b283d288dbe2,4226626
777dea713da2441d,3111141
77d7295d1b22c694,3962563
78114b7199cef90c,2335682
7826923b47f8d72a,4008549
782a2a17d3e38fdf,2556811
7832f2f62f04178f,4684678
787bb1f087ccff8a,4426000
78863e4a28204a6b,3040875
78a68f1dade6aaf7,4426301
78f485f851891d68,4251462
791c8437b341fba5,4422355
792be9a24df82ed6,3027545
79325a3c1a5c3bf4,3171474
79899ecf62020f6d,2335672
798e48f9e7f6ba22,3249894
79cb2a690b9ba5e8,4683807
7a359ef685a304a7,2558104
7a39bbac8cc0fa70,3085301
7a5e8c94a86f9895,2960757
7a613f78dd7ee8f8,2615273
7a703c565ccaa18f,2431314
7aa3d6964eff4877,2552906
7aa88401f93ce836,2335847
7ab478c397cd68ef,4045420
7abe471b61725980,2495166
7acbb0972e75281a,4001851
7af33fc4435017f1,4815974
7b143a54451263d9,2509288
7b6ce3a9460565b5,2488862
7b6e40a73b567072,2354207
7b9aa973e5c04624,2557319
7bc96507e4b38d3b,2556644
7bd94b60d7521e4a,2611953
7bde387d50829adf,4565792
7be14eaed4c74856,2517186
7be74a12d7352df2,2569886
7c0847d3854a95f2,2335603
7c7332319c14094c,3155424
7c9c6a884be167fe,4377802
7cbf7c78d3b34218,4079621
7cdd3e5d3aa9cb39,2585978
7cf20446453f852b,2501338
7d96bc577e5178b2,2335689
7dda2cf308f24a02,4289516
7f0b4a75ef3039a3,2354240
7f0f171414d0a287,4412812
7f6ed67d3ed3c036,4686725
7ff97850e8c32bda,2504929
803bebcfb6d6f506,4406572
80779d7441af1b52,2504170
809bd1a871491508,4425604
80d8aed0ca9b00f3,4046629
80daefbed11ce998,3128373
80e6d71e14c1d356,2502015
80eacd4da0617c57,2500457
80fa8218c99f9c58,2516131
814ff3018127e8fc,3030256
817e0bdf08efce2e,2354075
82a5152216251682,4074001
82b4e942781b1046,4372195
82cbb809d5ee565c,3995922
82d4c957649faf9b,4423448
830f60497fab345a,4237148
8355922d564b152c,2335679
83c6c3e0f8bde8ee,2556807
83d0de122f2f9664,2335649
84a067c46306a737,2335605
84ac950d4c1722dd,2354121
84b3e7d38f2d2ec5,3001914
84ff027394f7e470,4021934
85073dbd1be65ed9,2220951
852454c572675334,2500695
85980f5da429c0a6,2552405
85ff1b9471d35238,4077001
8614b7134913f5d5,3958094
862b0b3375aa4b6e,4078218
863d06a7ef8bc98c,2335642
8667caa0451d245b,4245094
866fd7b1a6c90e7f,4421517
86d9dbe1bfcbade7,3117376
86dfed7cc24a9fa7,2335662
86f582852a5b240a,2335685
8765559b6a29a421,3902208
8788beb528894f33,2951170
879b8df81523d91b,2614926
87a1dc546b1c5caf,3162105
87aa9fb63d6b51a1,4241041
87c0b1c696ddfb43,4245092
87e2468b986ebb79,4416295
881bf86d4cba8578,4690539
882d62561063a927,3153108
886264a0c9f4ea5e,3091099
8866c6f509c19089,3956260
887961364be5ceb3,2502364
88c8f47241d90040,2354436
88d7b6d8230e1f3f,4076788
893d51aaf024eddd,2574116
896c322f56b8be5a,2335787
89a407032911e27e,2500160
89b8d1bf1ff09d1d,2335490
8a0be41c0380188d,2465555
8a1f3b5c526cd6e6,4426312
8a59d346dc976a10,2354193
8a70ceb3edbe757b,2616900
8abac218746e04ca,4355731
8abf70f79e9e27c2,2511420
8adcbd525fab8d9b,3039886
8b260672a21d1fd6,2517103
8b69839f3555a67b,2335491
8bbc0cfc01bc1ba1,2965162
8bdac25ce0bb874d,2563796
8be158ca1e5ea6a0,4339149
8c0580d4fff106c1,3026011
8c169fbe1ac33637,4419434
8c39367b53eadf8a,4715407
8c3f3c43c8ceb778,2501370
8c57c7b8c3bab0eb,4417235
8c822811eedc11ad,3949547
8c8c92a12621d7e0,2504262
8cad40a75e5c97f5,3112018
8d03ce87ca14e778,3933168
8d20d76af3f213ce,4783385
8d49545dadf9b919,2555778
8dc46e9a7895ce1a,2557321
8e1f36476ef02a6a,3022348
8e382b585a92affe,3924096
8e5bfd4e82352340,2526824
8e5d953bdb9ae5e7,4700617
8e893f269d5696b2,2512090
8e8e4487c621aa1c,3009737
8eb046f83e82bf26,4406574
8f2939f5fd9cca1e,2354141
8f2d9ee27f206f1f,2335830
8f4eeaf7a0df7c1a,3127951
8f5c8850b2484173,3082807
8f6a18831a120817,2486970
8fa2b06572365321,2501922
8fc9ae9c7527dfcb,3099070
8fd808923cffff82,3074464
9014c02eff8b3d62,4695736
901cddcbfa079097,2504562
902ec2cc48c8ae8a,3955577
90da09db03e41748,4289873
90e0985df05e51bc,3119811
91181b29be041f1c,2951465
91186547a7f3f758,2335488
9123c54d0a2b72dd,3103207
917e53fa0adea0d3,2354086
918d9d89d4d52acc,2556802
918db42c3637916f,2501723
91acd6910b802a9e,2335670
91d73ee59347ac16,2335712
91dac5e69e28d5b5,3104720
92437c6775b3f7d1,2970798
92a9aa9c93192871,2504168
92b62174c175ce19,3026131
92fa1401b7927da3,2988175
934de214814b8ff4,2354284
93892752c5fc23ca,2487840
93b62c5f2ba18e51,3154766
93b9496275bbbf80,2354554
93ce4ac89e3d7652,2335799
94070f6544c4b2a5,2557323
94426bb170c88115,4289274
94508d80e1f885fc,3003518
94527830000ab715,2503659
94609dd91731d428,2556809
947eccadb72f4f6f,2431263
952f6fa06f25a0ec,2479914
9560ff14eb3129f7,3957071
9583662df31d943f,2335803
96428b9e9bd048ea,2546733
9673a497a9da119a,4227055
96c336b463e0662c,3092342
971246648e162f0d,4354421
97a8f39186f489db,2499819
97cf1a2c7c5e7889,3023804
980b4e712489098e,2354052
981ab7a0576f76a0,2354560
98215d037be5bcb7,4085155
98a6b2361045898f,3953367
98c23cb6da5b3352,2335844
98ec9f385cca47fc,2614929
98f6da59d765ec94,2503056
990bd63726a577f8,2500002
993d385f5a475375,3001948
99bd51917728c25d,3931156
99bd87a300079ed9,2504556
99c7610aa74995d3,3025283
99dd0147dc4ef80c,2500816
99df7d0a2a08a8a8,2506250
9a2d3567abc02e34,3082804
9a967e8e43dcef63,2557324
9abc648e76c4493a,4076472
9ada30894bf04e19,4601431
9b198c73e3d0d289,2615259
9b1e3fb4f8cbd5b7,3044563
9b68bf67c5695185,2505263
9b74de674c355425,2335736
9b75954db8db2a08,3161676
9b7694d064a8a0ad,2998786
9ba2226646046b63,3027601
9bcf8603ceb25680,2335818
9be6020024133293,3968304
9c42a0de8e012870,3965432
9c44f290f5726d95,4070700
9c65736747ca92ec,2500425
9c669abd35b2522f,2500661
9c907996820d2d69,3003458
9ca265dfe8323db3,2335791
9ccdd2ce45903f34,2500320
9ccf8371fd80d45d,4010677
9cdd2da1a9104a0b,4334306
9ce6d5a03af801b7,3897436
9cfbfae5fa1fdd93,4411885
9d19d9e4aa2662e8,3026267
9d62c2d8ee151f08,3309918
9d83f6da776ff7d6,4300149
9ddfb3369a3b0394,2505274
9dedfdd91070ddd8,4374740
9deff9e3e8d94d47,2559935
9e50097a89442158,3960470
9e8f6c728eb01124,3022345
9e92e1ca498d7244,4880596
9eb069062a0cfc13,3130180
9edf2c9082cc2cd8,4899729
9fa3bd637edd9aa2,2335448
9fd1f08dd4aec14a,2951146
9fe7af8b3fbe00a0,4038105
9fe85152f351e737,2335819
a00ec21cfbba17b6,2966232
a01a62132460a98d,4408375
a01e84abefd85ec0,2526109
a08d909a5be6f410,2335644
a08ddd04eaffd81d,4426285
a0b91014e9d16a76,2512949
a0c139b34f11421a,2487735
a0e6753c42698f13,4372245
a0e75f4a13eb73f1,3923484
a0f0004aadf10b71,2560746
a149d6bc670cdb60,2335798
a17322f99ddfd8e9,2559785
a20d7dfaba74c067,2497950
a20f234df70f2182,3155846
a220be6d41d6f97d,2501782
a24e080000fa7a35,2558137
a29db9cd4f9ccea5,4702563
a2ccf35a88346a91,4335947
a2ea77e974c5889f,4257695
a331233f597090a5,3111927
a36556bb1565e32d,2960683
a3a542074109b347,4689229
a495f599e787614f,3948876
a4a80dd7336ffd59,4420893
a4e85a58fbce64b2,2514885
a52bc1e62cf0b7c6,4686734
a53d30163304aa6e,3901011
a54a35a670d8e852,2558118
a54fc2d6fc224dc3,2354544
a56607a451e4c70d,2335732
a66395395b5f1394,2503556
a67f5afa8d6a1b80,3887606
a68575214ecad140,4420412
a6cba6bb66c1a8c9,2968419
a6d8bfe9e0c8153b,2431283
a6fd2173d5e2d7f0,2335495
a780d16cf7eed44d,2500721
a7897d200692ab64,2504566
a7d687e6ecb30981,2509241
a7ddae0be8b78147,3034802
a7e3f02fe2b2fe30,4375603
a7f4d0902bb64092,2335458
a8283a4f415e1eb9,2516135
a845f0735bc67405,3089915
a851c35f58199231,4239078
a85998eb79650b2c,2431308
a8aba6fd8a463043,2335823
a8c9d16fe2a14d72,3962508
a8d521d913df4e31,2335826
a8e6a69796280f17,2335475
a8ea84cbe1655f0a,2335703
a8fa0c4e95512806,2500449
a9a314cc77d90b6e,2951437
a9bcf8717dd12532,3017339
a9d6e047ce48ab63,3983543
a9e260472d321361,4835135
aa03a3ca00ac6827,2335256
aa171d55d4b5208f,3900088
aa1952ec0b3dd8e1,2335812
aa5b4eff51bdc7d1,2470338
aa6e591c2a2cdecd,3108778
aa72b0f831d0bfe5,4189320
aa79d5399571068e,2335733
aac5ac38148f0528,2335813
ab2b4ff41d6ebe0f,3155425
ab943cd2c3c17825,2558075
abd2109bc4cb0291,3157945
abd5fb12437eda21,3010042
ac026518a9b4dc0f,4686565
ac40f7e3cbecdda4,2354264
ac70a4f1db1b8c40,2556801
ac7c765882f2c68c,4836482
acb36c908d415c4a,4372196
aceffa19749c4dc0,3083644
ad3041e61896b975,2335821
ad32471f01e7b1a5,2499246
ad3f53c454cbbead,2354241
ae071698e1a3ccd4,3953379
ae58685caf8e4a0d,2354118
ae7fe94f117f98cf,3897005
aebfb84d1f6d2d8c,2537063
aec185309b4843d0,2431357
aed06011bf62237b,2505261
af49a6c491ca22a3,2951378
af5b208e97f5d382,2335487
af65aa688d13eedf,4423876
af9f42e6894047fc,4064883
afaad7d6a581e307,2500921
afe8d5b39ff7fca2,4685887
b05086131c6f5dc5,2335747
b08012bbe542592a,4020435
b0d6a1d8ac3d563d,3040385
b0f316c60f8d3b47,2609398
b12a1d19ee383b7c,2354558
b12fb759e02378de,4375574
b13da0b1a3aed3e7,2537491
b14a68c533f4a4aa,2354126
b18fb36a4aa00093,2556278
b19fc66613dc75b9,2500426
b1a3e0aca758b322,2560056
b1b0729d27936f2f,3172112
b1d19449397541dc,4064692
b1e5bcaad32a3cac,4277049
b23fca14c7b79935,2335746
b26d3e3746fb4024,2447636
b27a1fcb56a3035a,4024732
b2a2da86546ddb19,2615270
b2acebbef8da14ea,2335668
b2e3aca4cd363477,2504552
b2f743746e8dcfa2,2354308
b361180739bed4b0,2354050
b369533a577fa97c,2354046
b3d21b2610dcfaeb,4034282
b406da701c479076,3091107
b4192a975027aab6,3281606
b4537562f88ac582,4283575
b4880ef2f838d4e1,4064999
b4ad3a06ee4d660c,2335516
b4bc2e3353a770b5,2499537
b4c6c904a9ffc5e8,3924442
b4eeac608fc82f88,2504563
b50a426a33da0012,4205093
b51841e7c594090d,2335743
b57edace7b647f07,3020409
b59037262c8fe060,3110849
b5b684eac99ae0a3,2504172
b5da8f7d05e85a55,4276994
b5ea750025697880,2431262
b60c980f79b87ce8,4420423
b63e800c18e011b5,2558101
b6452706b373eea1,3028863
b6850671a008bf9a,2512985
b6b12014698cc345,2501711
b6c4451cb13c9303,2964410
b732b326c362fb62,2354197
b7b84ccd221be298,4277795
b7d524c77c27389b,2335804
b7ffa72aa148599a,2431339
b8592b4a383696cd,2614206
b8a85389d115e35a,4319793
b8bbdeff718dbb7d,4085967
b93c06d09d1c4ac0,3041138
b9437600497350f3,4024714
b959e8c7fd8390d2,2335640
b96619b3acd7d9da,2553021
b96939f2b8d88e82,3945903
b9706f80d005036c,4039865
b997be68943010fc,3111997
b9c03e7a4557e542,3082805
b9f28e7045fdfce7,3075570
ba043b03eb799063,2494741
ba1e6cb3d43f7430,3997109
baa5358456803df8,2951258
bad28b7b34f334de,2473327
baf942f4bcb09894,2499779
bba678d312590087,2501620
bbab3baf66128ae2,4867357
bbc9ab95fa766493,3090895
bbfca6d5c27d9cd8,2555761
bc3ec52ef70fc155,2501670
bc656db347f31e19,2984784
bc711b6dd95c1af6,4410868
bd58d34e39b7b12a,2473720
bdcbb976816fd256,3147329
be5cfd73617a5b1a,2500458
bebb4ae55ac2bf6f,3956305
beecb672a279223e,4221863
bf0e700106d00e55,4020801
bf41b5131545da12,2354204
bf7ad5628363eec9,4046059
bfc2fc38a0e20211,2335789
bffeb123b21c9aad,2559936
c03520b5c88ed6b4,3948572
c0386644627a7ee5,4684237
c03a5022f8439f2a,3096574
c06a9b48d4132c8e,3106310
c06d554ce1713fd3,2986685
c07efc18b231f170,2969823
c0badf3243907e59,4421473
c0d5c0c95c59050b,4565903
c1085e1701b13eca,4684135
c10eb2f12c489f6d,3088841
c11f50e9c1513ce9,2501361
c13042265355a290,4071380
c169545ab0825f44,3908742
c17041f1bb5768d8,3097954
c1a5d3843596df92,2965161
c21a036b4e012f1c,2529520
c21f26bbde777573,3146944
c2299ec916bc7c56,4895362
c2a670b22d2e196f,4426299
c2a7623f398d9bd7,2475132
c32aeb1a59e6272d,4869426
c34e5849184b08c3,2613316
c3bd649a9194e50c,2553018
c3ded6f7155f9ea4,4420801
c451d67c09c55418,2501685
c47df9303d318c67,2335674
c482c8605455a213,4001827
c487223b0289bda9,4336315
c4b6099f0d25f75e,2335824
c4b9296214f4c09c,2447638
c58f51dedb310998,2960681
c5a126ace82a6025,2557518
c61f66d8c3fd5f07,2488905
c62fbc117d57b943,3722422
c670aa48827d6be6,2335726
c68c68efaa5ca6ef,2959422
c6aee362c7a7d482,3960071
c6d8ae3b016d5ad5,2354579
c730a0be691dc081,4375621
c742287ed86a09bc,2989128
c75b99887c8c3f5a,2502010
c76ec2bc3a57666a,2589005
c77a953488e5607d,2960679
c7be22a47a58365a,2996856
c7c39e2fb70248b3,4816062
c7d297714d9ab1a4,3117374
c7d7fda69ec410d3,3939270
c80095f6092271a7,2335531
c8136ab8aa32c974,2335832
c814b4c899793af6,4339488
c849740a3ff51931,2611719
c878270af633eb11,4339150
c945adc22c2bfe8f,2504174
c9587d81e1d33925,4222369
c96518b7f6881004,2501709
c96d9178c9ed9e62,2614020
c9a94278df042f46,4422319
c9bbf1a0285a8076,2354575
c9cf753cfdf77fc2,3093559
ca2efc9d7d523c43,2559762
cad24459b28592ca,4082125
cb139171ed1b69fe,2335675
cb46dface0e28a2c,2335766
cb696ebfb6598724,3031559
cbd3e590a85b18c5,3095666
cbd6f1abf955e628,2505282
cbe79765d44bd172,2354124
cbf1c7ba5408a66f,4068998
cbf5e6f231b55443,3155420
cbf94e4c4af4ff6d,2335769
cbfd1d34356a004c,2412446
cc1a8b4b38b92c6d,4339130
cc300e9aa3063431,2335637
cc351e408bbb7d43,3960440
cc6f9d1e89f3449a,2335783
cc7040fe76f0ef91,3971496
cc84b68f862b466f,2502027
cc8c623cca88f54f,4371001
ccba80d4820ef557,2354539
ccdd90bd1fc7dab6,2487838
cd12227edd3f134b,2500461
cd13728ae1151f46,3994033
cd2c4d30c6e13b47,4379258
cd2e5a390821fb48,4422029
cd3d7e37ff2d679c,3928693
cd7763bcadb5d4c8,3060122
cd7bafbeee1f29a0,2556655
cda1099995b46cc2,4874988
cdadae5363b66eef,4708819
cdb96af67d096b1e,3088232
ce175eaafe867d1f,4473738
ce1e867808ef5fce,4000033
ce47f49e5c386a9c,2354129
ce6065baef021cf3,2354242
ce632027bf2a871b,4217382
cedfdf8d423d500c,2501404
cf1a88371c8cb690,2498056
cf65d56b0755ed3b,3045738
cf946e03ba2e7666,2555540
cf9d24e4bd0cf2ce,2335717
cfb65863d5099327,2335449
d023ae89a2a4a41e,2335828
d05412b513b19621,2989857
d05cb1e8d1b885d8,3136288
d0aaedcf7ccd0b45,4341598
d0c29452d3272603,2335696
d0e1b42d41dab603,4077475
d0f3959b4a9747e6,2447641
d10b35152277cf98,2517353
d156513a19acf856,2559758
d1941565abf50b16,2335718
d1a1314976c50bef,2335691
d1c65d2cf2925ddd,4690541
d1dcd4e96464a53d,2555594
d1e6a6536ee62517,2502409
d1e7fc58d4225cdf,2486967
d247691a6c0e9034,2354087
d25240135aee03e5,4868095
d26934530dc5b248,2335877
d28dee5c705991df,2504951
d29b5c4f22c6357d,2335880
d2b1c1317a39f6c6,2558106
d2bc285ead803db0,3087023
d2d37e8eeb3abc8d,2335699
d317a5e2b3f88c5f,3108775
d31a5546c0e9b213,4426192
d31cbcdd7d69536d,4063667
d343df8ba11f4c4e,3024357
d3c554d6e11fc9d6,3090558
d3df1add9d9a7efb,2560713
d3f5d33d61cd00c9,4418784
d4270315cbcf2569,4687434
d43a048a880efdff,2335513
d468288756ae3982,2335476
d4a31850a7457f1b,3923486
d4c9dcd330403612,2512976
d4f364dd076bb0e2,2447637
d61316139d68dbe3,4394752
d6285cba1d1052e0,3023796
d62bb4d84a7267ba,2558100
d632d156c0549e07,2335762
d661ce4da776fc20,4293517
d66a46de8d705353,3970873
d6c0cdd7e467c440,4329444
d6ead04919a894b1,4420422
d7338bcb141abd2c,4339152
d747eb273a40a920,4070701
d74cba8566291bfa,2335680
d7adfcfdf7c6c1f8,3109134
d7b2c0b53883ee80,2500948
d7c3816669784109,3102702
d7e40dca3ae125be,3977987
d802174b0c0c1f4e,4273399
d8022d5526b1d937,2354211
d80ee110748171ac,4684468
d814f5192e58fb2f,2354221
d81ac739417d7f53,2486942
d897897060f10a3a,2335498
d8c7c61b176e3994,3163637
d8d7b24d276c8cb0,3091103
d8da10db80131bec,4077451
d910665038efc639,2559934
d945aae53e3e54e6,3955778
d967f0128c323de6,2509290
d9c6f19f958643e9,3953381
da816417a579a0bd,4081475
da97d6c97d09c030,2335781
dab8cfbb6b1db10a,3599515
dc07493a87dc0a6e,4221609
dc0f07928009a127,2335780
dc7927cd622676a7,4713584
dc9572dd6ec74859,3088810
dccb63727f2f5f74,4081024
dd12382f28296f7b,3892462
dd4c16777fb2ccf9,3024389
dd6103dd7127db1d,3165120
dd8aec6de7035943,2335874
ddbe4fa2ea573393,3026114
ddf3e0ea10ea6d8c,3156509
de12bd65e2f46478,2615076
de45aaae23dfa392,3089069
de62052b2ede65ba,2335669
dee294e9717012c2,3153250
def8166ff24bd237,3045737
df05aa15b2d66f57,2431276
df1eb4354d18a906,3025285
df2bf09c99594848,2502604
df2cf66d8c0123db,2499965
df85d6ec3493d120,2951335
e00a3dee329a51f7,3915502
e023fa2e648ea0f1,2504809
e091482fa6648261,2335876
e09dbbd5fe3f0fe2,2479472
e0b0cf71e0d69dd0,4078674
e0f959f65d0406b4,4418541
e1147d3d2dabe1ce,3009717
e1248941344b3288,3949584
e132d47bd9efbbe0,4690549
e13abac8089a801a,4566145
e14b5aa06eea9653,2976752
e17ac6410c8377f4,3152443
e25bcbcdaf6537a1,2502041
e26882820f9e8df5,2534948
e26bd53b751d61d9,4040956
e2b8186b618b00c4,2560087
e2f6b2769aaedd6c,4421246
e375cb5caf4717b6,4816066
e3779ef06e98f185,3113693
e4277e87a789d687,2594871
e45cfa47f504033a,3128086
e4a47b07044ddd72,4038116
e4aaaa34535e32b6,2504567
e4e0f310b3cf23a8,3157943
e5010b1b94ca5755,3099985
e50cd77732d39967,2517085
e51e5cb722bd47a8,2536068
e51ee8ded927fc51,3904457
e51fcd9cd84c0b93,3028712
e5549c82bfb5582d,4705658
e56df3c1d8b4b1cc,2499999
e57fdbea1b828202,2610175
e5c9de15bb58b1c6,2335772
e5ca2bc2451a5956,3111873
e5ecaf884b6da2bc,2500664
e64b96c07d7ce999,3095328
e670f8cc2969a789,2410622
e6c5908910cc26e4,2552406
e70de1859b7ee78e,3021961
e741536153227386,2557320
e7bba7ce4d6c7b07,4030197
e7e01e266a9d4342,4231391
e7f51d9f9e9259e7,3087369
e82d5f54daa85a7e,3902948
e86bc32f5997a8f7,2354208
e872e9a9a902c045,4026490
e8b731feff72294b,3136287
e90a2f22417af68e,4227265
e9213f53ddeca978,2591297
e93b04e308913c2e,3093026
e94085e821bd81de,4348673
e979c76341f19b22,3164050
e99821959a840bb8,4567688
e9a3aeb207578eea,2957596
e9ac7bfb65c25497,2558045
e9bc5748e6a76bb6,4198990
e9e1acc96536bb4f,2497724
ea3dcc417c322064,4038127
ea3ef6206c7907d5,2354196
ea7e5bc78d9de658,4426130
eabf206b162b3b83,3946951
eae431e70064e046,3926500
eae48ff31db420c2,4419372
eae4aec1a5a8ff01,2335792
eb29176b03dfa888,2354218
eb8d8c2a95cfccb8,3114234
ebc1f40e00e0c481,2335727
ebc5af72ad5a28cb,2502592
ebef46976554f975,3150681
ec18eb918121787c,3088809
ec23c1be628d8057,4012408
ec2d13a87d3d9541,2558397
ec34349e7dffcde7,3011878
ecdf14f4f8643d39,2594612
ed2a8cc402173781,4375203
ed73c85164a5f5a4,2487848
ee18ff42063174df,4424020
ee457ef1e1c326c1,2502035
ee4b670e159f4a33,2556797
ee9d73f4fee9cbdd,2335521
eea0274e153256a0,2487733
eebc23626e38f5dc,4295833
eee7dafac7d672b5,2560711
eef9b891edbd4604,2354347
ef1182eb28c17d4e,3039672
ef44e4ea9050f2ea,3611366
efa1f6b42c86793c,3093741
efb96bf3e9ada36f,3151289
efc67b07eed39794,4195518
efd2b3e9bb7965a4,4284909
eff47295daf721a6,2335807
effd9de9937996f8,2501926
f00ac08ab056af5d,4294924
f0264252e191da22,2431252
f046d724d2a84ac5,3039667
f0fad0e9f3b65752,4684018
f0feeb2192937424,3115931
f1175ea3aafbf351,4287236
f12f979b657ab876,2354198
f14cf73e51b29254,4217395
f14f644d41ade29f,4684474
f1b2a4365799c48b,2335750
f1b2aa7853d1ed6e,3088812
f1d64ae34e088832,4421978
f1f9e48a0d150757,2335633
f1fac969a1d70b08,3152929
f215cfbd4ba3c270,3166073
f2688492b9a525a3,2335694
f2925e6db404bf1d,2431258
f29a6350c69f4a33,4065598
f2b6fdb20675b11c,4038110
f2c8ebbeafd45f2b,2335809
f300763147320d12,4698871
f341f9551ba744e2,2499967
f34312c2ccfa0e00,2335716
f3a853544e4413c4,2504949
f41b9f5efc7162d6,4565641
f4c49976c75c5ab2,3022677
f53c1f4ceeed8c08,2512958
f53d4f21d1b5f2dc,3026133
f5431394fb284bb9,2504632
f57a8a52ca401ed9,2335709
f57dd0bfa8c17813,4044058
f5990c11974d8e9c,2488464
f59e9e49ef85b469,2558383
f59f1d3a2ff13edd,2335650
f626118b6da0e020,4815998
f6ad6a1e4d600e0d,4419470
f6bcbd91b114ff58,4687003
f6e5972c9d16c40e,4700271
f70144caea5c4c80,2501401
f703250471acaf96,4251497
f72465a784c1b084,3005099
f7467152fd9f18a2,3170347
f797f0c57a83353e,2560060
f7d73e452b064bf2,4237147
f86cb5f25d545e0e,4088505
f8f1ec513bcfef43,4355664
f8fe2053d73d7bcf,2335489
f95381efb3051d81,2965056
f998f5c102250d6e,4880807
f9a20a17d712ef7c,3102126
f9ab66e67240db7b,4397782
f9ae6914f604aa9f,3113336
f9b200db02b488d9,3949555
f9d0cae37dabfafc,2618069
f9f07bb5a43535ed,2335243
fa6796c55d6c5440,3922557
fa8b9e6b0c2269f8,2354437
fae67903c4fe636b,2592866
fb1538b46877a695,2335806
fb79582c410d049e,3108781
fba03cd6cc28dc41,4011299
fbf0537e420e698e,4237238
fbf0947399d14323,2532871
fc169c387b4b465d,2995167
fc9a9559a05f2704,2504561
fcd448a2fe1a23cc,2552660
fcffee71cff5530e,2335522
fd406a32a6fb3a29,4867356
fd55393021a8c255,2968990
fd87b1bbfcde9d5e,2516143
fdbefee0827e1567,4065639
fdf18227faa596dd,2505262
fe435e440b5de0ff,2486937
fe5a9547479396ab,3028070
fe5ca7ef93c3f6a7,3112021
fe91d254db77a7fc,3020302
fea8acf9bfcf09ec,2614930
feaf00f3373435d6,2951241
fef3d17e27e916e7,2504814
ff2c606c8bc365e3,2556812
ff4c3ab594c7fac3,2516141
ffdeb4fbea09ce75,2512986
ffe9703408fb5964,4897850
c739c2995a275314,4917145
82529ce93cd9a2cf,4875513
3f11fd1751fa83b1,4894925
d8c811df0386d5e8,5068624
148bb103cfbf123e,5068617
b671bdf981ad527d,5068545
036e96c1c12b8a59,5122794
082eba4cd80f736f,5093447
23a6e307077c6ccc,3951294
7b39035fae7268b8,2983499
1abfb658cd4f8533,3012403
49e49b54e5901d0d,2612668
668222c99c5c311d,2558192
338a11d3674eb2d4,2536134
c058823a2595ab09,2558133
5898357a45a73674,2558132
e8efeb9cf33b1941,2951312
c6e6926a81adcd00,2558141
7ca4c3f8aa8bacae,2558143
e8c170a64dc920ac,2558140
56f4b81ec4db61af,2951489
21f2974fd08085e3,2951254
53e533db1b8e9712,2951342
abbc4fc02e0d84b3,2951316
4985113c0928aa62,2951291
1bcaac2d99b90fce,2965133
d2cd7a69cc55e7ed,4397797
7d420039bbfe7c1a,4389085
31bb0772f21cabd8,4895772
f7a7f7118d4b01b6,2335524
d2c55d1d2e67773b,2504246
f77c68bb4be8516d,2569939
2db0c114414d4f06,4045133
016a8d958883167c,4082113
57b10fca4f9c9a7a,3417396
d1528ac5675558b1,3509230
3f11b5d4bd76a6d9,2506570
2b68d9f125d07b42,4227709
fc08099550072fe4,4903365
fe2babf95de24fb1,5088844
c23e3d4875340d8d,2512531
cb6783c39c01d896,2501594
95eb112a85601a0a,2354525
01b39decaf0abf6a,2497958
6506c1d34da9c013,2335659
e0ec3c3b6b611f7e,2335708
20205040232ed0f3,2335677
ca28cdf526d6b6e9,5092398
3bb2dc8e87b10a46,3161786
b0a6124751a56bc4,2494735
c2e3e67b5911bfb7,2556056
813550bc53b15fb0,2504257
33a331684283900f,2431333
cbb682f5fcc44bfc,2504171
4665cbf36b08193b,4022255
88cd34d836b4ebcd,3104765
b9d0fd83bb8a147a,2335469
ece280745f8727b8,2502043
75e5fec9f72910ef,2354336
50d2f0018bcf9eef,2486936
1652f3213655b935,2488849
6da99156486ed6c2,2354104
849c5d9979df5357,4689965
91ea901c458e95dd,3040876
5713c1d2fac539ac,3038389
492b202d2064e7a9,2354533
ad56b3f00ca38dfd,2983500
f2ad06f1007c481a,3088204
69f01b25dfabaf6b,4251918
dea070ed4a2a8281,3045798
52e76bb4b3e852f3,3108772
68d76fd9ecf7431d,2354523
7e47047d0971d566,3005987
dbc17725b887860a,2965138
41f90012b86a11bf,4393207
4f4dac51adc1af4f,2354337
a566371ba2ad7152,2470332
3c0437fbeda06962,2335801
0778f94eb5d588a5,3947131
c268b2cfebccf652,2617539
de75d1c45a39e221,3002028
fea79f9bc8c68769,2553310
d35c3ed553b71fa2,2502718
23459ee7e373b98f,2500660
7c35f869033901ae,2537490
3591d0d5d382a381,2560725
9450848a71d53776,2556793
232c582f29f8f65e,2431313
32be4b7f7de1c905,2523679
b102c26727306ab6,2560740
8a304bfd6bf04a57,2512089
5aedf14771ca82d2,2512984
ffc088e64fab57e9,2335470
9f1641c08cf8fbe2,2335795
abbc737317f66b81,2335811
234f3767ff0e5701,2335737
4798e823ada58fe9,4044708
fc6e681bf6658faf,3046022
a6f3d15cb84334bb,3127966
5be86bb2f78fef2f,2335604
dbaaf42313af90fa,2335496
22e47b53e4ceb27c,2335867
d5f820c11a121050,2335793
5abf827d62f98fee,2592872
5d7bdab5e03e3216,2335744
c3218c810959d279,4299562
18b602842a24f7c5,4081550
83fd97284f4bb4a4,2335688
53f84637dfffab7a,2499534
ef7fa30364cbe7f2,2509759
18968f97ad34f15c,2335673
08e908ed6d18d6a0,2960676
b6e6c3b1dcaae0a1,3017946
ee9ebceabfd16fa7,3084459
cbd5d3cdd862e90e,2501814
4461d7e47375a895,4917772
c6a33ff198aaaeeb,2335525
20bcc9966affb19c,2335648
98b80a717b9bda17,2335527
fa315e6c77eee106,2335652
c0ab242c40decc55,2335530
ee779c43a8926d52,2335465
48d1f690b763934c,2335796
e1d40e8782d80bc2,4324623
009341ed974bad72,3156612
22aa91e402d0fe1f,2560086
5331b25a60417ffb,3026394
5f99b2bafb10305f,2512969
6256b2b1562cb8e1,2960682
7ea1f74cef32f906,2557936
2ac4628c08ec5125,4246212
ca43de99b07b6b40,4523403
8e9eb3fc86db0f7d,4415883
a26198ba5093147e,2354352
6f018c039b4d5d80,2335665
dd37fd509af89f15,2335664
db1f2ed63b54b9a7,2501238
814e5233e2acf2ee,4375156
c4731f43693b96b8,3155411
9f755fb04cc21499,3091098
36549928f90f1d36,3154228
06827d70c53ff0d9,3075571
2b6d855c6e280fb1,3960082
34e552520a934063,3009723
bd5403efbaa445c0,3083637
99bcdf5eac39898f,4070161
b44f39a5c6596953,2412445
50cc91ce2982785d,2473325
a390eb8a9b2df298,2335464
2f732dd9210d301f,2335472
aae99701b21554e4,2335483
57ab4d7c0bc09a30,2527791
8a9c6c4301f6d088,2503660
3b0a516d2921e0d6,4389093
d35f734c56a89103,4915907
fd5b6598a3b70c0a,2504644
5cafbc97dba2e797,2557955
0c5c66ddd1886b83,2613965
4e06913c91da5200,3074465
16690d100f995f8f,3070416
cc3147b49c7d7d92,2616899
98aa60cf58071fd6,2613374
6e0273f9478be71e,2515913
af997f7611673880,2971118
172c2135e70f87b7,3026165
dbea8c1cb327ab3d,3007946
a2b12c3f3d60ff69,3074494
1588b787bda7b540,3140871
7279654c7674cd24,4347303
c7011de4765d2497,2519774
b7f38813485745da,2611722
ab850a77a0fa487d,3020411
be4076c9e8d791e3,3031339
6c2030e0a143a94b,2502414
8d9586726252dbf7,2504954
eee0ef3e2b14816b,4688447
e06fd1260ac865a7,2558070
85d905f7c4f5a1af,2354059
445a98acb8985970,2431256
a1f6999fe57236e0,2335467
b0550072e5f0afa7,2354127
365fee2da473b177,2335663
9fa568ad2bf2cb0b,3075588
f2477cf43c4975cc,3928690
a421465acbe59c77,2335741
1eacf73d6a0055dc,2335655
63def5a5662a6917,2335725
8349d55cdecd393a,2493018
51c655162e462ceb,4812389
d188a3b817860ec6,2553049
fcaae0385b514f11,2431343
b69f24c500d783e7,2996767
48e093ea1f43a053,2447635
fc60ecf0671b9489,3070986
42a7e90605df3c8a,3728368
d3fa5c5955397532,4421979
f923e012414c883e,4256214
0d62719b1dcf7c40,3020092
5f6f049d54728e88,4350771
b67d6bacc68d4c92,4881997
49f4b511932f71e9,3102615
165c244bcca3ed26,3027997
46a2f24feb258ae0,2970382
27b164b0d1833df0,3024386
36df8e119aec6175,2519810
3253b16d38ae087d,2951361
51a0c09cbe9b8472,2554674
826475cc758e60e6,4249028
7195e2a932686f82,4236939
5e4eec08896c9423,3112020
879f6cae48d25baa,2536065
db5dc7cb80d7d418,3082808
b45d6b73f4ca4467,2504227
afc2a7ce0c763bd5,2615272
f40ec51dd4de47c3,3172620
7ea4a9f07df33a45,2531855
64788ee44b062ded,3084129
7c3c48cf54a2848e,3126373
acff437707625fc7,2335695
1c86754617d9813a,2335784
7be63795363029e8,2536133
4f853e98886283cf,2486932
bb1a2cdad6ff34db,3955317
4f732e58ed907eff,2502444
c9f6385af6df66d7,2567565
e5d03e4d966126bd,2431361
3033c1c080672475,4372290
fb3e61720be4690c,4339145
e87a13e02c01331d,4687002
6c011be66326ad97,3896935
977081bc01197656,2499918
470fedbc8563ac47,3042167
601cf40c09090853,2951461
44f9c777fed7ca03,2558138
f348d05403fad037,2501777
8ddf9c51c5fdea75,2335764
81801f57bd0a7c41,2611951
cd01f0b768a32475,3159585
d403b1a6f278c95e,2504261
ccd1299e0345e0ce,2335800
7dcf06c1967801c1,2501489
2676b28836a5a836,2487019
16b89be2f5c16fba,3133988
d4691518d012b9e7,3167160
4ac1ecf8ce59ef23,3011425
19db7ac26308178f,3056121
2924886ee9c4c527,2335526
13c4313ed0f744f3,2501838
68c7ad953455c73f,4331588
b4c57a8c2b773e82,4900807
d5b7fac960e58920,3099049
b76c6268dc1d3c05,4037323
8f382b3baa954d2a,2559933
9310418684bc896f,3096278
185fb0200a4605e6,3004240
484acc7b0f856ce9,2335820
7f955f71fa2ce7ac,2335785
ec33146e43e58933,2335752
679a9054e2815943,2335636
4a01dc8376736ef5,2500453
276c60b14b571dd4,3084287
5140122c3eecd307,4046608
78e501478a36a018,3132345
f65dcb22dada2223,2506562
840d2c82ea68b9aa,2594874
1897b7b913736a7c,3154389
1ff9589f9065a9ed,2335301
85248da6e9e2f7e7,2504642
71df36d6d8cf0d74,3079252
411539901068522f,3041444
d6d5da3c209884bc,3103864
af90b10c785ced3e,2566512
fc31f896cde2bc2e,2335808
eaea0fc7b76525a8,2488472
69a400af4420cd6a,3074495
fb41432b622992a9,3022394
66e98b3bb5fc5250,3150680
55ee431411ccf07a,3096577
e2ccd9a9ace60de7,3999124
dc5a6b2fdb27e7dc,2504231
4f736494fc733095,2526108
8f3df4c579cfbb69,2506556
8163cd7de0342652,3039211
ed9d8ee3a4239b1c,3912106
f9081770e28ea2e1,2965200
dc3b9cf7641b7ab6,4412279
d1152823307d7e7c,2335610
daf1b84aebd6602b,2335681
275cafc9de131c83,2431253
eb1723480fa2f96c,2354243
40a604761ca7d64d,2335704
7e69a4b0961aa555,2335759
ee624ee2a18f2a43,2585977
05b43e0ead3df345,3129344
02e52b3a595f0786,2431272
0bc7e61d204f2137,2431261
c32fb8c0f6471a4d,2335875
acd9513399a8b09b,2611339
ba280572acfba13f,2501702
22061ff217907c78,3082399
bcad7223af3c19da,3049967
6905d45bd71b50a9,3114427
c8097968da5e5f13,3027534
cc900af167fbedfd,3165523
3f7c14c7eca7195d,2487721
1fb80f46d3c105d9,2527756
5d495dec23d7c68e,5060394
3058888c33149a53,3104553
d25b93992f285953,2531642
80dbeb1dd5b53e64,2470335
4304992c2acc187b,2354258
b8aef0faf4ce9b31,2960675
35faad160d346839,2498540
0112352cb32f5026,4969973
82e7929bf6c2b689,2335671
baed16f18348908e,2504640
1a7745388839e52b,2559233
b71ce838b01f2cad,2555557
938ad489fb7a1f31,3167314
e4ba58725825412d,4815973
199eb7cf6ae90294,4204438
d90b630e0561818b,2501712
544d7460b3e44393,4044703
3be081c29bf734d9,2354524
3c241737a6069b9f,2335751
b2f88c04c4dd43ce,2354051
010986ee359fb863,2504230
4d44f37107f01b9b,2335641
ec71a892fada28c7,3155422
d0314416a7f26527,2555668
c5af5750e8bae4f0,3947005
3fa7688bfe48a493,4565904
2d447cc91bdaa545,3094515
917a5cb9821df261,3019933
3143bf892608139a,3154898
57bf89d42364d39e,2617690
bc7230f231701d66,2570864
8bb6f4479685bbcc,2555607
c727c7d31c50c4cf,3058475
7b433309b0fd12aa,4350871
d221ee27afc7a60e,2558506
5823ceab56741617,4022217
637bd06c32219f0b,4354426
3dc3022232b79c7a,2501511
7bc475b0fc2020ab,2613376
2aa49b3766a59bcd,2502477
5866fc86183a9fb8,2559966
31c01fbc2586a5eb,2951167
a3be148af5c7b088,3046481
7342fcc41a4817fa,2354056
7a15f3694c5cbc02,2354054
9d4522df6fc49a47,2335827
f1928a52590c5532,3153151
a12a8314adc1c1c9,4399701
bd878a638e0e3be3,3024354
1a98c9dbb7fc3959,3150679
907e60fd13407e1e,3019035
75a6a390fd5dca46,3041458
eb04b9d31e938edb,2951504
b53c46f613f6f248,3041602
edd02825c29028fe,3952413
83a477a7dba1ca58,2560090
cac08b8685387ca5,2354228
7dfb56f24fe5ddea,4079687
98e946879ba20c0f,3122040
99506df1af6c8b3b,2609397
8a8a84b743ae7699,2488860
068f8a189a47fea6,3154884
7d3caf0f96f1b33d,2486958
55a7b2d4e54ffac9,2335667
96924b0019b3aff1,4393818
da1d8d76404bb6b5,2617286
3a12a2f096a6d975,3083828
9b7dfb3b7d99926a,3097030
bda04c573563cc2e,2502273
0577808d22dfe79c,2493017
37c5366d18ed6c05,4354423
e0b74df14f52cd15,2500733
1dafccb62a0f98ec,3077120
fa37628269132d1a,2965058
5b2325cd70dbe2ea,4257388
27fc9218a3653e3c,2335729
f0abbb6f3444dae7,2431330
6aa1cbc1466e9a0b,2354047
a17ad5a5048e8c3f,4064854
5dd180c8b3196786,4566310
bf43fed8f29e1671,2554001
1641ef250e9de19b,4371004
5c126c6aac3ef364,4064994
55f446032177b119,3001208
5f2f0da6fd6a84fd,2354324
d512d9f204059f57,2335698
f2f140ce7532e327,5109762
ed209f6618c82e41,2958022
634bb0de2eb043b4,2354564
8cb78f3a6c2a08f7,4080406
700a674c042b7a96,2591306
6bf5a7d3e081ade2,2486965
a6959da32f0e6b5d,2335767
2721bb808bb2523c,2509286
31a13532e724ca2b,3023355
a6bbd3df469c6bea,2504982
902ab9197b83d0db,2499976
928ae2e5b5f7a9ec,3028441
a6c20202c701e5ca,4683980
76984112f697631f,2970430
43a59ce3bb40449e,3027998
d008d785f6347dc2,5068724
960d6cae8879ba2b,2556754
98d961097baaf308,4076470
304a21d0595e1a08,3112009
1ed32eaaba9ffe10,3091101
6c7020b859c7a3ce,3001297
f8dc544e7077d014,2335790
cfc3e7bb44685289,4294378
efaf544314bb5c2e,2499974
687c15b2eddfaa63,4205213
d06f8869449ba7bd,2950951
e9e7e1c8ff289e1b,3093545
cc900c6a71ed23f3,2984772
be0b310a12eb80b4,3901014
2c2caf2f2bab9df5,3953370
1a9480fc288e55d7,4249193
1e38bba6738b7b10,2500448
0f6528b461e47462,2500451
33011768c3c4dc9a,2335782
97a6bbe6e6566a94,3089326
dbac0a413af64bbe,4411886
6a96ad1bc34fb113,4412813
047a91d3d9c79b05,4686739
b0bd0c5425668b8f,3991049
56709e66f1c6008f,4421295
6546af7ab545b90c,2558393
72c4b253d2f5ebf2,3031286
b9664eae2ac75262,3947030
7b310409440c9102,3090555
1d147d4163a6989b,2951425
330bafba312face4,4220827
873626e5547b5235,3084914
6c8072b61c276e67,3902226
01641ba5df0c69b0,4921516
d024ed963e8bf7ea,3104468
1971869b7e054261,3099050
2c64c035485906aa,2515909
40d8b74488743800,4377048
4665f9f909cd7214,3132040
88a9bc81271ccd89,2335643
e7fe5315b1efeb92,2953475
cb52f9490c2dc069,2984771
575360be653ad6a6,3093557
d53482bef23235ba,3108776
6c7e25571490aa3b,3004241
71f048adbfed5b49,2517121
c4fe2e9a06ea5bcb,3009715
68c11c27d4d56572,2585966
5fceb45939fc0c8a,2555438
d76ad9a08c4408ff,3347074
5dfe71ade71f3a4b,2354562
9eef6584fab21fbb,2554402
a78a87d8c2bbb1cb,3157454
55ed59d541f8b90c,3892475
5095b0920a3602aa,5080936
979f7edbb6980b0d,2502455
fccf811c1e8b01c7,3104854
12ebd7d157e91701,4333158
1ddb480b601cefb1,3931158
e76d9f656ceb82ab,3074493
cffb87059e645bd1,4963343
8d26912cd2aeb366,2335477
663b76da637402c3,2553808
7d21de9c6d7c98b2,2335684
6224e8d0a34264eb,2528638
159da492e000afbf,3037050
36a432f22144843e,2335731
d21113c9ff3788ae,4388465
da22387a0407a2dc,4409558
14ff46596ad80609,3009719
33e00249ef08d3a4,3103727
fb8a3025ae722e64,2504956
025f0b1b58fbad01,3996934
7215953cd5c6254d,2354078
edad57b3dddf2168,2615075
a72a2a769fa5a2be,5068811
b9415726dc3ec526,2500659
c3f6db17cea09ca7,3960698
46fd223e3ced39b3,2527758
5114f1b5ad4cdf72,2354302
53278852bcd91e11,2502590
2ebfbe72ed703925,4585587
a4de54ea806fb525,3098604
d23ccf4a6c221284,2504244
edd8d5d8089a35f8,2556272
946db8a378903cc3,4350867
2844b047183a1adb,4350772
74f9448b97bf8bec,4389252
950d0ef5c17157c5,2558492
568bbad0eaced57c,4065617
06e4245d16fc5315,5075333
ec664422b22d9787,4058117
65ddc8a9ac4e8531,2335825
e503aa5c252a1b4d,2354101
ffc3e6daaa6da0b7,2514871
af62f99eb7606308,2960677
c295de4e10acd4c9,2560712
c136b2a8852da5bd,2501820
175852708cb55776,3972432
bc8f6b42767e28df,2951282
80d918336163b80c,2488371
7e208569469c8bc8,3092778
ec52462a1b41f714,3075589
002ca196477ce572,4425564
28f62d866c59c709,2502387
85e26e2468b4e82f,2354090
c24b1db4b809d41b,2335700
aae0897825336b1a,2354119
f5ff7bcdcfeba3ad,2431359
b76ed59283d3559c,2354349
911fb265462f0d94,2487720
d5ed14b2153c6ed2,2473989
e56daf7725a0b5ab,2560089
30a09e43f15f1d75,2335735
9bad58fa651d6196,2558108
7413b80dbb0f8f9f,3019244
6dd758d34da8d254,2483872
899923ff6ab13917,4249192
219a254e15d60135,2431287
46baf0f57edfa4df,2504046
2f95a3c6d58b2aad,2532872
11f8860028b68fcf,2500774
0cf935519d439ba6,2473330
ce783bf73b5131f9,2488568
51e86de150ee8be6,3965445
8ef4a91ac694b7ce,2354567
215a70f073a7b726,4054622
07a2bdaa0afdd831,4280789
3cf18e01cb6cbde3,4405109
eeabcd4dc6619129,3923647
003d82fa384ca1d0,4043437
03688dc3c3af3ac1,2557850
e5c38954c006f15c,2553270
3eb4dc9a7d4ac906,4337435
92aafa8f4b26269b,2587853
ccf5dc41417e9daf,3039196
83825fad27ab3581,3991894
12f1b140e248bdb9,2555639
f50d95223751e6ca,3027511
32c03df3c9760069,3031743
3fa97913cfd205d3,5074121
3f1d23b01c552a13,3890654
cf615eb4b7862c76,2517122
74d35fbc9c6a61bd,3952411
4b8fb0453a596b8e,2492784
853eb0dd5c0e2149,4243885
0c670b443c3d269f,2528568
0871254cd790c250,2615258
cce79e827569f26e,2499694
3414b50b08a10600,2501639
14aa21bc82cac57d,2978012
36b8f265bcd1b7a4,3077822
40f3cb27fc7305a1,4963269
946f341df6472ee0,2335646
850266b3dc4e506e,5088886
3e514f437c51ce0a,2473328
c41d426cc7326d1b,4275487
e5bda12faabfc850,3164008
2e7878927067fdca,4896616
f748267c4ab6c127,4078243
e78f601035d677f2,2553022
1cf1310684a841f5,2335657
c549573c0df4d676,4016050
fcce75a25c14a804,3077809
5755960ebd0b16f6,2335702
11583163f45c7b31,5077398
9cd047a828dd7515,4689219
8f765fd5775a8873,4712980
c96e2ae6021144a1,2465553
d34636a85f0f4c90,3005239
f3a078277b3b8ff4,2504806
4638cc6479cc0afe,3157919
8f2deefe8c5dfb5d,3108862
e7ec11096eac0282,2488906
2af2f2e26c4c0402,4425706
837d30395faca41e,3023855
2296125b6c362355,3162792
f97c5433c77522d3,4246820
065eb44700e641a4,4021523
6a8928652fc01bee,4284270
1f4b04a926ef1287,2989346
b8c0f30ee9a98b69,3901006
75353550928a7921,4905261
b15862fcd6ded451,4713585
eb393afdbe3293d5,3093513
d0e50a3d1b250708,3903959
3dd92ff9fb0412b3,3044633
3ecd936bd8814108,2987934
71171fc96445bf65,5060483
35673bf5204524ee,5061870
d0d7160824278840,2354220
aee8eecfc4bfb1e7,2431311
6cadfd8f1d9e7685,2553271
a0602dd050bebefc,3002059
a4dc47001f202bcd,3110330
ed74afc8b5b47a61,3037761
3dd949593346dbc3,3156514
00a3ff40c4b2cf21,3901117
83b00f7597e5ac83,4292650
1eff7bc0f815b270,4423213
3f7dab21b6c971bc,4029284
a93f94c923c3a9cb,4848674
231926533134ec1f,2335770
cfaf010d5b389c09,3009720
d50382dc0565a9e1,4064997
052ceb8976695342,2501130
9f842be1a5337be6,2502446
bd21a1e3d41c97ee,2559755
b27b8881d7444114,3024447
8fd1f27e86661ede,2335755
23725c826c481e7f,2447601
064b7dc68d786254,3134018
47cd337b86b1af92,3088241
198994b47f395af0,4329550
348dff4e03bd18c6,4360358
8b5f9ea38184ded3,2512083
323d4ca260dfa0ba,5074131
56bc9ccb609df534,2506266
dfae5da5676e4194,3115938
1fe7adb23b3eedfb,2487839
320edfb0332b7073,2487738
c0c36a5b3d5bbdd5,2591290
5bd533d50c8e7b8a,2473990
c575ab451e3c5b1d,3074863
1b38a2b897f6209c,4033337
784285b7ae7dd85f,3011426
cc81c92fe2254935,2557772
8cb76103cd8a1562,2525098
aac6edb0d5e0b7e9,3155862
1fc64507a0cb38cf,4424184
a7b48e18ca27795d,2354231
ac29d508d78384c9,4273352
b9e871af730f826c,2354131
91720876db0ee468,2499034
6ded9184b2284645,2989176
87f19d19f4cb73f8,3151939
00debc804e2b1cd4,2554630
d761b3766e38c5db,3077911
afdb76fbd86f6d11,2553272
da4628f173337902,4893607
bad8be5827ea1bf1,3077810
c3ea8deeba00462b,2354206
06a80a685ea98573,3928533
e6147d5ab3685899,2555198
8c1ca54b5089d199,4895360
1ebdcb7488d0ebee,3028440
202b0467521c9d6f,3097808
da0995f19b749cfa,4409220
bb61823f76361297,4236956
564c2f5f9eb45d67,3099993
be68b375707dcb85,4618110
4a043165cf47cab2,4851339
706f8e2b34e8e18b,2615260
1ad381c8994c4e5b,3009714
2525a853486ee670,2512085
2de91c2244ad7e89,3001934
5580771f383e141f,3001923
33b2f68ef95252e0,2354016
d9a56ecb6e94f02e,5037883
fdfef29ba17ee525,2335745
c4af2feb4b58bc3b,2525965
21b5c82c1b89dab1,5085249
771b60ff889661c8,2528639
a0c64f272b65d441,3122041
8c020156779f7888,4027695
0bc697c5936a2d0a,5048900
3c5005b66696d790,4058830
e92901944ce91909,4217396
257b0c8d6f199895,4573208
fbbde91f7bc2d3c5,2473804
10657c60ce349e0f,3019078
31bbd39c0a075d4e,4284876
2a8502954f49e682,2509285
6ef65b6a152e49d5,2589311
92b36014314b028b,3070982
dcbf01d605681ad1,3034801
56b8b24f65f9f057,2493016
d1759b2b7be9be56,2335608
0541480fbf719d86,2335529
970beed85bc46b63,2431363
c0eecd851dbf3146,2953549
103b06d8707895a9,4001846
330ec26453c44a59,2354080
1efa064872f089d0,2335763
60884f31ead1609c,2501780
262d32ebda89efc4,4054605
a6eb54ae17a551be,4871203
81d9df19e255b8b6,4036094
2fe9032955c2e013,4238229
ab8900ae1f1dfd4c,2335734
d2036f31c035e0d1,4038065
9147679e1a4ad4a3,3108777
3da19339ee7051d5,2951317
3f4c3bc822bea45d,4751726
48a9a128784d53d1,5110006
d38e8c6ae2dfc051,2554676
f3388d2cf7ab3f64,2431279
914a897455693650,3136321
3920d0cc288f9b0d,5123216
36fbaa49a09ff997,3052685
984d15d5dc7bfcf9,4236124
706404da0775dcbc,2558144
08ae5cd9aef7ddd3,2557318
3e61082025db8137,2537055
52ba464d9068d871,3053487
7debc13b36343605,4884868
ec0dcceace7d25a3,4295932
040426baba8a45e8,2475133
ba5e253af86db1a8,3023600
9c27f3217891f3f0,4409219
2c5a0b8317f8f27a,4380809
adccbc19b22e19af,5001016
77350fd0e6d1dba8,3024356
0b8d512c79b4baf3,2989137
38b50fd1e1b5b656,2335528
a7151778b3381036,3019246
b72a60a0cadff408,2611950
78d48d3874dacafd,2558159
1f5f75658551f2d3,2951219
48812daf291a4e23,5088891
b4c96c3d9139bf0e,3112019
6fc506e1099afe20,4410005
3c8a5200436e19f3,5077399
8a56ea383fd26e52,4217815
5904b0b38dc6718d,2517112
efb9a43415a56d34,3090556
b12fc8a41e82d3a2,3128221
d0a5ef38a7778ac2,2614927
e4d2564ea0e34e2b,3114626
25af5e832f17b474,4243873
b909a9a9688b5284,2558526
e361e5c858af6ff1,2335822
2e25c1d983c26311,3002086
8270c00fae24c922,3093507
8f0d576beba1cfcd,3087451
8b6e5dc2ba1edbe7,5088916
02f8fedc18cbd26c,4034272
4ae4049426e0161d,3096066
072a10e85f7d4bff,3023856
56f7d7ee06be4aab,4896541
dcdd511ff757f15c,2557453
2c6e81426dd7573c,3091514
369e1ce458ef50a6,2976990
32016899d0a222a3,2479917
3f56b99447f00607,3104555
45230be0641f3f53,3155423
c7e9d15cfce52f1d,2558102
30ea504870f8597b,3114141
7f9f528cb72a6ed1,2431320
8d5350fa18b79e9a,4013774
c8cca8f3de5be4b4,2512068
9f488f520ed25bbf,2558098
ff6a1f63c254127e,3077132
d3de4a24f7eefac8,2354435
80c0bed43da0e27b,2335760
1e719d4b676dc19a,5077131
e18a19001a3f7c7d,2975297
6e7c758f5cdec01a,3112187
21b813b919776d90,5075335
53bb0d40905b87c0,2487259
cc98d857b148e33a,3957070
37e03538c960bac6,3088664
df5a77121ba84a5d,2479912
9f7787e56a6bc0f4,2536132
63b65af1c5cb02cb,2335653
69e8c632135af48b,3091104
20bccc9bb4ceb23e,4425763
f5f6419c5f00abad,4350873
65cdf4ec31143d86,4869425
5f6038bcdb95e3e4,2515914
18e8b7070228e728,3026393
c4b81cdecd5d6abe,2502712
5c10da56d712ac9c,4218576
b7ad576b8ae115e6,3025088
68f6e96c5fa6e044,4034830
1f9c371c93dfd3a9,2560088
d2a9be6bf2de624c,2618068
a13d755965a4ec9f,4773371
bf9bc96336922271,3005278
2067a177a2842fbf,2335817
dd992d569aaebee6,2354293
85d0fafb8b75d634,3113694
bc7d1ad49fcb2d08,4901883
e81dd0bb8a64b550,4046338
972c456ff38b2015,5074126
7c9f96f9a6a5cd50,4044409
7e511f8d842a109d,4230824
40cb680ae1cd331f,5063403
c1ea9d56cd953586,3032971
ab35634d1a8c7a11,2500723
b35ba64b6a2bbcb3,2560750
ac5a7400da3a9a41,3111338
86061eaba822bfea,2965057
4417980b3e798abf,2553994
915c8d39d4a0e7d1,2557014
3bbcd63a016d9715,2556274
6e0e977beb909837,4422443
6448e57a9533b7e4,2483868
3329d692aea4dc28,5078213
59c438c81fbf3ece,5056144
84512339473dd300,5119740
4f3064faf17aa711,4434010
abcf2cc6efc42031,5080935
c051c2e12d692b8a,5074274
aa0c573da7119292,4912582
b62d5280966b2460,4904998
da7f113b5ea39c43,2312150
54ed8dc6f8c31207,3026147
56c9acc4e86046a2,3153248
a7de976620f2ed13,2517731
30b577b112bef42d,3952410
65adf3856c4d9256,3896934
404ecb2700844072,3073380
87f3bbf52e6c9dc9,3024141
4e6738062d469256,5060467
7138a15258dabf20,4394200
ff62013d2fce6d13,5074130
a09ed60aa67a3f67,5016786
a9da3158dd2c2b5a,5088885
0978385b2bd9ef9b,5123586
4fcf6e0c4e0e6664,3347172
4333a8e70a672eb7,4024488
